Station_ID,Station_Name,Latitude,Longitude,Project
ca0101, Cape Cod Canal  West End,41.73749924,-70.62490082, Cape Cod PORTS
cb0102, Cape Henry LB 2CH,36.9594,-76.0128, Chesapeake Bay South PORTS
cb0201, York Spit LBB 22 (ATON),37.14,-76.1383, Chesapeake Bay South PORTS
cb0301, Thimble Shoal LB 18,37.01108,-76.24903, Chesapeake Bay South PORTS
cb0402, Naval Station Norfolk LB 7,36.96295,-76.33388, Chesapeake Bay South PORTS
cb0601, Newport News Channel LB 14,36.95602,-76.41448, Chesapeake Bay South PORTS
cb0701, Dominion Terminal,36.96233,-76.42417, Chesapeake Bay South PORTS
cb0801, Rappahannock Shoal Channel LBB 60,37.67442,-76.15472, Chesapeake Bay North PORTS
cb1001, Cove Point LNG Pier,38.40283,-76.38417, Chesapeake Bay North PORTS
cb1101, Chesapeake Channel LBB 92,38.982,-76.385, Chesapeake Bay North PORTS
cb1201, Tolchester Front Range,39.13997,-76.33072, Chesapeake Bay North PORTS
cb1301, Chesapeake City,39.53053,-75.82762, Chesapeake Bay North PORTS
cc0201, Aransas Pass LB6,27.82608,-97.01981, Corpus Christi PORTS
cc0301, Port Aransas  Channel View,27.83981,-97.05314, Corpus Christi PORTS
cc0401, MODA  Ingleside,27.8177,-97.2093, Corpus Christi PORTS
cp0101, Cherry Point,48.86275,-122.76098, Cherry Point PORTS
db0301, Philadelphia,39.94620132,-75.13960266, Delaware Bay PORTS
db0502, Delaware Bay Channel LB 10,38.94013,-75.10486, Delaware Bay PORTS
g06010, Galveston Bay Entr Channel LB 11,29.34222,-94.74083, Houston/Galveston PORTS
g08010, Fred Hartman Br.  Houston Ship Channel,29.70350075,-95.01889801, Houston/Galveston PORTS
g09010, Galveston Channel  west end,29.30937958,-94.82063293, Houston/Galveston PORTS
g10010, 610 Bridge  Houston Ship Channel,29.72569,-95.26697, Houston/Galveston PORTS
gl0101, Cuyahoga River,41.49448,-81.70292, Great Lakes Real-Time Currents Monitoring
gl0201, Maumee River,41.62913,-83.53022, Great Lakes Real-Time Currents Monitoring
hb0401, Chevron Pier,40.7775,-124.19661, Humboldt Bay PORTS
jx0302, Mile Point LB 20,30.38433,-81.44217, Jacksonville PORTS
jx0401, Fulton Cutoff LB 34,30.39097,-81.49678, Jacksonville PORTS
jx0501, Dames Point Bridge,30.38599,-81.55706, Jacksonville PORTS
jx0601, Trout River Cut LB 64,30.39853,-81.62594, Jacksonville PORTS
jx0701, Acosta Bridge,30.32266,-81.66462, Jacksonville PORTS
kb0101, St Marys Entrance  LB 13,30.7103,-81.3731, Kings Bay PORTS
kb0201, Range A  LB 23  St Marys River,30.71050072,-81.45929718, Kings Bay PORTS
kb0301, Range A2  LB 29  Cumberland Sound,30.72480011,-81.48449707, Kings Bay PORTS
kb0401, Range E  LB 43  Cumberland Sound,30.77499962,-81.48899841, Kings Bay PORTS
lc0101, Calcasieu Channel LB 36,29.69347,-93.33118, Lake Charles PORTS
lc0201, Calcasieu Pass  Cameron Fishing Pier,29.76412,-93.3429, Lake Charles PORTS
lc0301, Lake Charles City Docks,30.21780014,-93.24949646, Lake Charles PORTS
lm0101, First Street Wharf,29.92244,-90.07114, Lower Mississippi River PORTS
lm0201, Port Allen,30.43547,-91.20056, San Francisco Bay PORTS
mb0302, Cochrane Bridge,30.73295,-88.04166, Mobile Bay PORTS
mc0101, Atchafalaya Bar Channel,29.318,-91.42967, Morgan City PORTS
mg0101, Matagorda Ship Channel Marker 19,28.4477005,-96.35620117, Matagorda Bay PORTS
mg0201, Matagorda Entrance Channel,28.42667007,-96.33000183, Matagorda Bay PORTS
mi0101, Miami LB M,25.76842,-80.08367, Miami PORTS
mi0201, Miami LB1,25.76318,-80.0902, Miami PORTS
n03020, The Narrows,40.60599899,-74.0381012, New York/New Jersey PORTS
n06010, Kill Van Kull LB 14,40.64360046,-74.13890076, New York/New Jersey PORTS
n07010, Newark Bay Entrance LB 18,40.64709854,-74.15550232, New York/New Jersey PORTS
nb0301, Quonset Point,41.58369827,-71.39700317, Narragansett Bay PORTS
nl0101, Groton  Thames River  Pier 6,41.39175,-72.0923, New London PORTS
s06010, Martinez-AMORCO Pier,38.03463,-122.12525, San Francisco Bay PORTS
s08010, Southampton Shoal Channel LB 6,37.91625,-122.42233, San Francisco Bay PORTS
s09010, Oakland Outer Harbor LB3,37.8082,-122.34434, San Francisco Bay PORTS
s10010, Oakland Inner Harbor LB4,37.80097,-122.34775, San Francisco Bay PORTS
sn0101, Sabine Bank Channel LBB 34,29.6735,-93.8355, Sabine Neches PORTS
sn0201, Sabine Pass \\(USCG Base\\),29.72878,-93.87019, Sabine Neches PORTS
sn0301, Sabine Front Range,29.75806,-93.89, Sabine Neches PORTS
sn0401, West Port Arthur Bridge,29.82361,-93.96472, Sabine Neches PORTS
sn0501, Rainbow Bridge,29.98111,-93.87111, Sabine Neches PORTS
sn0601, Port of Beaumont,30.07972,-94.08623, Sabine Neches PORTS
sn0701, Port Arthur,29.8667,-93.93111, Sabine Neches PORTS
t01010, Sunshine Skyway Bridge ADCP,27.62065,-82.65525, Tampa Bay PORTS
t02010, Old Port Tampa,27.86287,-82.55373, Tampa Bay PORTS
t03010, Port Manatee,27.66395,-82.59877, Tampa Bay PORTS
t04010, Egmont Channel LB 9,27.60424,-82.86742, Tampa Bay PORTS